{"cameraMode":{"drawMode":0,"name":"Shaded","section":"Shading Mode"},"sceneLighting":true,"audioPlay":false,"sceneViewState":{"showFog":true,"showMaterialUpdate":true,"showSkybox":true,"showFlares":true,"showImageEffects":true,"showParticleSystems":true},"in2DMode":false,"pivot":{"x":219.9140167236328,"y":75.96206665039063,"z":56.780059814453128},"rotation":{"x":0.42914018034935,"y":-0.1920178234577179,"z":0.09389783442020416,"w":0.8775825500488281},"size":69.32210540771485,"orthographic":false}